{
  "pose_cov": [
    6.229306451761283e-09,
    6.05144324931327e-09,
    2.0341101382188625e-09,
    -9.713599135439563e-11,
    -4.17804588573656e-10,
    1.6895394615526095e-09,
    6.05144324931327e-09,
    5.878669567551015e-09,
    1.9646729158918432e-09,
    -1.0049921399373703e-10,
    -4.080082472653266e-10,
    1.6413765918131887e-09,
    2.0341101382188625e-09,
    1.9646729158918432e-09,
    1.233345103477186e-08,
    6.273160221803662e-09,
    2.0551103162869874e-09,
    4.716057387686341e-10,
    -9.713599135439563e-11,
    -1.0049921399373703e-10,
    6.273160221803662e-09,
    3.635244459484779e-08,
    2.71455923122653e-09,
    9.059012622650297e-10,
    -4.17804588573656e-10,
    -4.080082472653266e-10,
    2.0551103162869874e-09,
    2.71455923122653e-09,
    1.0419670369135879e-08,
    4.737969996452041e-10,
    1.6895394615526095e-09,
    1.6413765918131887e-09,
    4.716057387686341e-10,
    9.059012622650297e-10,
    4.737969996452041e-10,
    5.434768862746038e-09
  ],
  "all_vel_cov": [
    8.570113682680902e-07,
    2.8110315486048224e-07,
    -7.69289784903303e-08,
    -5.552327806396445e-06,
    1.0279012400979027e-07,
    5.781024992346276e-07,
    2.8110315486048224e-07,
    6.433684891611947e-06,
    -5.806936316481243e-06,
    -6.807694159012469e-06,
    4.599314501879607e-06,
    1.7006570479743613e-06,
    -7.69289784903303e-08,
    -5.806936316481243e-06,
    1.6982539949702596e-05,
    1.478710146833378e-05,
    1.2570526656515828e-06,
    -9.285702328132796e-07,
    -5.552327806396445e-06,
    -6.807694159012469e-06,
    1.478710146833378e-05,
    0.00013572887584397666,
    2.340150327506845e-05,
    -4.277458285718498e-06,
    1.0279012400979027e-07,
    4.599314501879607e-06,
    1.2570526656515828e-06,
    2.340150327506845e-05,
    3.0078105172492845e-05,
    5.129530863083494e-06,
    5.781024992346276e-07,
    1.7006570479743613e-06,
    -9.285702328132796e-07,
    -4.277458285718498e-06,
    5.129530863083494e-06,
    2.4552221310019775e-06
  ],
  "position_cov": [
    6.229306451761283e-09,
    6.05144324931327e-09,
    2.0341101382188625e-09,
    6.05144324931327e-09,
    5.878669567551015e-09,
    1.9646729158918432e-09,
    2.0341101382188625e-09,
    1.9646729158918432e-09,
    1.233345103477186e-08
  ],
  "linear_vel_cov": [
    8.570113682680902e-07,
    2.8110315486048224e-07,
    -7.69289784903303e-08,
    2.8110315486048224e-07,
    6.433684891611947e-06,
    -5.806936316481243e-06,
    -7.69289784903303e-08,
    -5.806936316481243e-06,
    1.6982539949702596e-05
  ],
  "angular_vel_cov": [
    0.00013572887584397666,
    2.340150327506845e-05,
    -4.277458285718498e-06,
    2.340150327506845e-05,
    3.0078105172492845e-05,
    5.129530863083494e-06,
    -4.277458285718498e-06,
    5.129530863083494e-06,
    2.4552221310019775e-06
  ],
  "linear_accel_cov": [
    0.00612408664056386,
    0.0030060044099759725,
    -0.005313094982704281,
    0.0030060044099759725,
    0.051986205808008924,
    -0.0497928234885047,
    -0.005313094982704281,
    -0.0497928234885047,
    0.13190538582150402
  ],
  "euler_angles_cov": [
    3.635244459484779e-08,
    2.71455923122653e-09,
    9.059012622650297e-10,
    2.71455923122653e-09,
    1.0419670369135879e-08,
    4.737969996452041e-10,
    9.059012622650297e-10,
    4.737969996452041e-10,
    5.434768862746038e-09
  ]
}