{
  "pose_cov": [
    6.229306451761283e-09,
    6.05144324931327e-09,
    2.0341101382188625e-09,
    -9.713599135439563e-11,
    -4.17804588573656e-10,
    1.6895394615526095e-09,
    6.05144324931327e-09,
    5.878669567551015e-09,
    1.9646729158918432e-09,
    -1.0049921399373703e-10,
    -4.080082472653266e-10,
    1.6413765918131887e-09,
    2.0341101382188625e-09,
    1.9646729158918432e-09,
    1.233345103477186e-08,
    6.273160221803662e-09,
    2.0551103162869874e-09,
    4.716057387686341e-10,
    -9.713599135439563e-11,
    -1.0049921399373703e-10,
    6.273160221803662e-09,
    3.635244459484779e-08,
    2.71455923122653e-09,
    9.059012622650297e-10,
    -4.17804588573656e-10,
    -4.080082472653266e-10,
    2.0551103162869874e-09,
    2.71455923122653e-09,
    1.0419670369135879e-08,
    4.737969996452041e-10,
    1.6895394615526095e-09,
    1.6413765918131887e-09,
    4.716057387686341e-10,
    9.059012622650297e-10,
    4.737969996452041e-10,
    5.434768862746038e-09
  ],
  "all_vel_cov": [
    8.619945290192451e-07,
    3.358457450749191e-07,
    -1.7506049147671532e-07,
    -5.6490083558588325e-06,
    1.7457287216185823e-07,
    5.711450532919699e-07,
    3.358457450749191e-07,
    6.278447104306914e-06,
    -5.664047408926004e-06,
    -6.5498081662795985e-06,
    4.680076246318296e-06,
    1.6005441055215402e-06,
    -1.7506049147671532e-07,
    -5.664047408926004e-06,
    1.713279457625642e-05,
    1.486676031628625e-05,
    1.08545820970655e-06,
    -9.12651427789579e-07,
    -5.6490083558588325e-06,
    -6.5498081662795985e-06,
    1.486676031628625e-05,
    0.0001360644364291985,
    2.2623364101836775e-05,
    -4.087004018951922e-06,
    1.7457287216185823e-07,
    4.680076246318296e-06,
    1.08545820970655e-06,
    2.2623364101836775e-05,
    2.990315934250646e-05,
    4.872936240114417e-06,
    5.711450532919699e-07,
    1.6005441055215402e-06,
    -9.12651427789579e-07,
    -4.087004018951922e-06,
    4.872936240114417e-06,
    2.2946073757661737e-06
  ],
  "position_cov": [
    6.229306451761283e-09,
    6.05144324931327e-09,
    2.0341101382188625e-09,
    6.05144324931327e-09,
    5.878669567551015e-09,
    1.9646729158918432e-09,
    2.0341101382188625e-09,
    1.9646729158918432e-09,
    1.233345103477186e-08
  ],
  "linear_vel_cov": [
    8.619945290192451e-07,
    3.358457450749191e-07,
    -1.7506049147671532e-07,
    3.358457450749191e-07,
    6.278447104306914e-06,
    -5.664047408926004e-06,
    -1.7506049147671532e-07,
    -5.664047408926004e-06,
    1.713279457625642e-05
  ],
  "angular_vel_cov": [
    0.0001360644364291985,
    2.2623364101836775e-05,
    -4.087004018951922e-06,
    2.2623364101836775e-05,
    2.990315934250646e-05,
    4.872936240114417e-06,
    -4.087004018951922e-06,
    4.872936240114417e-06,
    2.2946073757661737e-06
  ],
  "linear_accel_cov": [
    0.00612408664056386,
    0.0030060044099759725,
    -0.005313094982704281,
    0.0030060044099759725,
    0.051986205808008924,
    -0.0497928234885047,
    -0.005313094982704281,
    -0.0497928234885047,
    0.13190538582150402
  ],
  "euler_angles_cov": [
    3.635244459484779e-08,
    2.71455923122653e-09,
    9.059012622650297e-10,
    2.71455923122653e-09,
    1.0419670369135879e-08,
    4.737969996452041e-10,
    9.059012622650297e-10,
    4.737969996452041e-10,
    5.434768862746038e-09
  ]
}