{
  "xinput_values": [
    -32768.0,
    -31412.0,
    -30056.0,
    -28699.0,
    -27343.0,
    -25987.0,
    -24631.0,
    -23275.0,
    -21918.0,
    -20562.0,
    -19206.0,
    -17850.0,
    -16493.0,
    -15137.0,
    -13781.0,
    -12425.0,
    -11069.0,
    -9712.0,
    -8356.0,
    -7000.0,
    -6000.0,
    -5368.0,
    -4737.0,
    -4105.0,
    -3474.0,
    -2842.0,
    -2211.0,
    -1579.0,
    -947.0,
    -316.0,
    316.0,
    947.0,
    1579.0,
    2211.0,
    2842.0,
    3474.0,
    4105.0,
    4737.0,
    5368.0,
    6000.0,
    7000.0,
    8356.0,
    9712.0,
    11068.0,
    12425.0,
    13781.0,
    15137.0,
    16493.0,
    17849.0,
    19205.0,
    20562.0,
    21918.0,
    23274.0,
    24630.0,
    25986.0,
    27342.0,
    28699.0,
    30055.0,
    31411.0,
    32767.0
  ],
  "steering_wheel_angles": [
    0.2986730635166168,
    0.26698267459869385,
    0.23819600045681,
    0.21207109093666077,
    0.1884334832429886,
    0.16706183552742004,
    0.1477659046649933,
    0.13036608695983887,
    0.11468128859996796,
    0.1005733534693718,
    0.08787700533866882,
    0.07644657045602798,
    0.06613589078187943,
    0.05682729184627533,
    0.04838590696454048,
    0.04069017246365547,
    0.03362384811043739,
    0.02707122266292572,
    0.02093612775206566,
    0.015113417990505695,
    0.01096439827233553,
    0.0,
    0.0,
    0.0,
    0.0,
    0.0,
    0.0,
    0.0,
    0.0,
    0.0,
    0.0,
    0.0,
    0.0,
    0.0,
    0.0,
    0.0,
    0.0,
    0.0,
    0.0,
    -0.010913483798503876,
    -0.015013342723250389,
    -0.020741047337651253,
    -0.026743384078145027,
    -0.03311266005039215,
    -0.039949338883161545,
    -0.047340501099824905,
    -0.05538957193493843,
    -0.06419578194618225,
    -0.07385839521884918,
    -0.08447613567113876,
    -0.09615574777126312,
    -0.10897606611251831,
    -0.12303896993398666,
    -0.13843539357185364,
    -0.15525305271148682,
    -0.1735757738351822,
    -0.19349884986877441,
    -0.21506862342357635,
    -0.23837080597877502,
    -0.2634727358818054
  ]
}