{
  "xinput_values": [
    -32768.0,
    -32331.0,
    -31895.0,
    -31458.0,
    -31021.0,
    -30584.0,
    -30148.0,
    -29711.0,
    -29274.0,
    -28837.0,
    -28401.0,
    -27964.0,
    -27527.0,
    -27090.0,
    -26654.0,
    -26217.0,
    -25780.0,
    -25343.0,
    -24907.0,
    -24470.0,
    -24033.0,
    -23596.0,
    -23160.0,
    -22723.0,
    -22286.0,
    -21849.0,
    -21413.0,
    -20976.0,
    -20539.0,
    -20102.0,
    -19666.0,
    -19229.0,
    -18792.0,
    -18355.0,
    -17919.0,
    -17482.0,
    -17045.0,
    -16608.0,
    -16172.0,
    -15735.0,
    -15298.0,
    -14861.0,
    -14425.0,
    -13988.0,
    -13551.0,
    -13114.0,
    -12678.0,
    -12241.0,
    -11804.0,
    -11367.0,
    -10931.0,
    -10494.0,
    -10057.0,
    -9620.0,
    -9184.0,
    -8747.0,
    -8310.0,
    -7873.0,
    -7437.0,
    -7000.0,
    -6000.0,
    -5797.0,
    -5593.0,
    -5390.0,
    -5186.0,
    -4983.0,
    -4780.0,
    -4576.0,
    -4373.0,
    -4169.0,
    -3966.0,
    -3763.0,
    -3559.0,
    -3356.0,
    -3153.0,
    -2949.0,
    -2746.0,
    -2542.0,
    -2339.0,
    -2136.0,
    -1932.0,
    -1729.0,
    -1525.0,
    -1322.0,
    -1119.0,
    -915.0,
    -712.0,
    -508.0,
    -305.0,
    -102.0,
    102.0,
    305.0,
    508.0,
    712.0,
    915.0,
    1119.0,
    1322.0,
    1525.0,
    1729.0,
    1932.0,
    2136.0,
    2339.0,
    2542.0,
    2746.0,
    2949.0,
    3153.0,
    3356.0,
    3559.0,
    3763.0,
    3966.0,
    4169.0,
    4373.0,
    4576.0,
    4780.0,
    4983.0,
    5186.0,
    5390.0,
    5593.0,
    5797.0,
    6000.0,
    7000.0,
    7437.0,
    7873.0,
    8310.0,
    8747.0,
    9184.0,
    9620.0,
    10057.0,
    10494.0,
    10931.0,
    11367.0,
    11804.0,
    12241.0,
    12677.0,
    13114.0,
    13551.0,
    13988.0,
    14424.0,
    14861.0,
    15298.0,
    15735.0,
    16171.0,
    16608.0,
    17045.0,
    17481.0,
    17918.0,
    18355.0,
    18792.0,
    19228.0,
    19665.0,
    20102.0,
    20539.0,
    20975.0,
    21412.0,
    21849.0,
    22286.0,
    22722.0,
    23159.0,
    23596.0,
    24032.0,
    24469.0,
    24906.0,
    25343.0,
    25779.0,
    26216.0,
    26653.0,
    27090.0,
    27526.0,
    27963.0,
    28400.0,
    28836.0,
    29273.0,
    29710.0,
    30147.0,
    30583.0,
    31020.0,
    31457.0,
    31894.0,
    32330.0,
    32767.0
  ],
  "steering_wheel_angles": [
    0.2780206799507141,
    0.2780206799507141,
    0.27253174781799316,
    0.2641550898551941,
    0.255927711725235,
    0.24784858524799347,
    0.23993469774723053,
    0.2321486622095108,
    0.22450774908065796,
    0.21701091527938843,
    0.20967376232147217,
    0.20246171951293945,
    0.19539068639278412,
    0.18845964968204498,
    0.18168295919895172,
    0.17502865195274353,
    0.16851143538951874,
    0.16213029623031616,
    0.15589836239814758,
    0.14978626370429993,
    0.14380748569965363,
    0.13796111941337585,
    0.13225913047790527,
    0.1266746073961258,
    0.12121991813182831,
    0.11589415371417999,
    0.11070829629898071,
    0.10563775897026062,
    0.10069376975297928,
    0.09587555378675461,
    0.0911930501461029,
    0.08662397414445877,
    0.08217862993478775,
    0.07785613089799881,
    0.07366540282964706,
    0.06958653777837753,
    0.06562867760658264,
    0.061791203916072845,
    0.05808183178305626,
    0.054483067244291306,
    0.051002953201532364,
    0.047640927135944366,
    0.0444037988781929,
    0.041276220232248306,
    0.03826527297496796,
    0.03537042811512947,
    0.03259749338030815,
    0.029933365061879158,
    0.027384132146835327,
    0.024949364364147186,
    0.022633805871009827,
    0.020426586270332336,
    0.018332814797759056,
    0.016352057456970215,
    0.014488251879811287,
    0.012732562609016895,
    0.011089080013334751,
    0.009557584300637245,
    0.008140930905938148,
    0.00683244876563549,
    0.004256760235875845,
    0.0038048962596803904,
    0.0033748983405530453,
    0.002970985835418105,
    0.0025891612749546766,
    0.0022331366781145334,
    0.0019010026007890701,
    0.0015912565868347883,
    0.001306947902776301,
    0.0010452547576278448,
    0.0008087352616712451,
    0.0005960457492619753,
    0.0,
    0.0,
    0.0,
    0.0,
    0.0,
    0.0,
    0.0,
    0.0,
    0.0,
    0.0,
    0.0,
    0.0,
    0.0,
    0.0,
    0.0,
    0.0,
    0.0,
    0.0,
    0.0,
    0.0,
    0.0,
    0.0,
    0.0,
    0.0,
    0.0,
    0.0,
    0.0,
    0.0,
    0.0,
    0.0,
    0.0,
    0.0,
    0.0,
    0.0,
    0.0,
    0.0,
    0.0,
    -0.00025743100559338927,
    -0.0004248061450198293,
    -0.000616955803707242,
    -0.0008319875341840088,
    -0.0010720163118094206,
    -0.0013346776831895113,
    -0.0016211019828915596,
    -0.001932838698849082,
    -0.0022668244782835245,
    -0.002626351546496153,
    -0.0030078745912760496,
    -0.005232865456491709,
    -0.006385243963450193,
    -0.007643899880349636,
    -0.009014361537992954,
    -0.010493770241737366,
    -0.012081783264875412,
    -0.01377422921359539,
    -0.015578624792397022,
    -0.017490912228822708,
    -0.019510803744196892,
    -0.021633008494973183,
    -0.023866936564445496,
    -0.02620759978890419,
    -0.028648799285292625,
    -0.031201405450701714,
    -0.033859673887491226,
    -0.03662308678030968,
    -0.03948454558849335,
    -0.042456913739442825,
    -0.04553313925862312,
    -0.04871288314461708,
    -0.05198797956109047,
    -0.05537307262420654,
    -0.05886022746562958,
    -0.062440577894449234,
    -0.06613016873598099,
    -0.06992021203041077,
    -0.07381021976470947,
    -0.07779054343700409,
    -0.08187868446111679,
    -0.08606521040201187,
    -0.09034941345453262,
    -0.09472077339887619,
    -0.09919852018356323,
    -0.10377217829227448,
    -0.1084413081407547,
    -0.11319416016340256,
    -0.11805178970098495,
    -0.12300299108028412,
    -0.12803538143634796,
    -0.13317139446735382,
    -0.13839887082576752,
    -0.14371727406978607,
    -0.1491134762763977,
    -0.15461139380931854,
    -0.16019830107688904,
    -0.16587339341640472,
    -0.17162279784679413,
    -0.17747212946414948,
    -0.18340778350830078,
    -0.18941503763198853,
    -0.19552084803581238,
    -0.20171098411083221,
    -0.20798462629318237,
    -0.21432654559612274,
    -0.22076523303985596,
    -0.22728556394577026,
    -0.23388683795928955,
    -0.24055302143096924,
    -0.2473142147064209
  ]
}