{
  "xinput_values": [
    -32768.0,
    -31879.0,
    -30991.0,
    -30102.0,
    -29214.0,
    -28325.0,
    -27437.0,
    -26548.0,
    -25660.0,
    -24771.0,
    -23882.0,
    -22994.0,
    -22105.0,
    -21217.0,
    -20328.0,
    -19440.0,
    -18551.0,
    -17663.0,
    -16774.0,
    -15886.0,
    -14997.0,
    -14108.0,
    -13220.0,
    -12331.0,
    -11443.0,
    -10554.0,
    -9666.0,
    -8777.0,
    -7889.0,
    -7000.0,
    -6000.0,
    -5692.0,
    -5385.0,
    -5077.0,
    -4769.0,
    -4462.0,
    -4154.0,
    -3846.0,
    -3538.0,
    -3231.0,
    -2923.0,
    -2615.0,
    -2308.0,
    -2000.0,
    -1692.0,
    -1385.0,
    -1077.0,
    -769.0,
    -462.0,
    -154.0,
    154.0,
    462.0,
    769.0,
    1077.0,
    1385.0,
    1692.0,
    2000.0,
    2308.0,
    2615.0,
    2923.0,
    3231.0,
    3538.0,
    3846.0,
    4154.0,
    4462.0,
    4769.0,
    5077.0,
    5385.0,
    5692.0,
    6000.0,
    7000.0,
    7889.0,
    8777.0,
    9666.0,
    10554.0,
    11443.0,
    12331.0,
    13220.0,
    14108.0,
    14997.0,
    15885.0,
    16774.0,
    17662.0,
    18551.0,
    19439.0,
    20328.0,
    21216.0,
    22105.0,
    22993.0,
    23882.0,
    24770.0,
    25659.0,
    26547.0,
    27436.0,
    28324.0,
    29213.0,
    30101.0,
    30990.0,
    31878.0,
    32767.0
  ],
  "steering_wheel_angles": [
    0.2780206799507141,
    0.27222245931625366,
    0.25536835193634033,
    0.23910826444625854,
    0.22346989810466766,
    0.20840929448604584,
    0.1939517855644226,
    0.18005624413490295,
    0.1667456030845642,
    0.15398184955120087,
    0.14177235960960388,
    0.13012240827083588,
    0.11899839341640472,
    0.10841834545135498,
    0.09835168719291687,
    0.0888146385550499,
    0.07977961748838425,
    0.0712612122297287,
    0.06323473155498505,
    0.05571316182613373,
    0.04867460951209068,
    0.0421234555542469,
    0.03606196120381355,
    0.030472638085484505,
    0.025364583358168602,
    0.020722931250929832,
    0.016555262729525566,
    0.012849506922066212,
    0.009611661545932293,
    0.006832433864474297,
    0.004256764426827431,
    0.0035805630031973124,
    0.0029613396618515253,
    0.0023950280155986547,
    0.0018836805829778314,
    0.0014286614023149014,
    0.001026962767355144,
    0.0006801298586651683,
    0.0,
    0.0,
    0.0,
    0.0,
    0.0,
    0.0,
    0.0,
    0.0,
    0.0,
    0.0,
    0.0,
    0.0,
    0.0,
    0.0,
    0.0,
    0.0,
    0.0,
    0.0,
    0.0,
    0.0,
    0.0,
    0.0,
    0.0,
    0.0,
    0.0,
    -0.00041162321576848626,
    -0.0007083031814545393,
    -0.0010584666160866618,
    -0.0014643645845353603,
    -0.0019249067408964038,
    -0.0024383049458265305,
    -0.0030078685376793146,
    -0.005232844036072493,
    -0.0076921298168599606,
    -0.01059927511960268,
    -0.013959093950688839,
    -0.017761867493391037,
    -0.02201383374631405,
    -0.02670280635356903,
    -0.03183653950691223,
    -0.0374002642929554,
    -0.043403152376413345,
    -0.04982805997133255,
    -0.05668572708964348,
    -0.06395654380321503,
    -0.07165256142616272,
    -0.07975208014249802,
    -0.0882686972618103,
    -0.09717824310064316,
    -0.10649585723876953,
    -0.11619552224874496,
    -0.12629364430904388,
    -0.13676224648952484,
    -0.14761939644813538,
    -0.15883499383926392,
    -0.17042888700962067,
    -0.18236933648586273,
    -0.19467754662036896,
    -0.20732034742832184,
    -0.22032059729099274,
    -0.23364372551441193,
    -0.2473142147064209
  ]
}